YEAR,MONTH,TAX REV IMPORT DUTY,TAX REV EXCISE DUTY,TAX REV INCOME TAX,TAX REV VAT,OTHER TAX INCOME,TOTAL TAX REVENUE,NON TAX REVENUE,TOTAL REVENUE,PROGRAMME GRANTS,PROJECT GRANTS,TOTAL GRANTS,RECURRENT EXPENDITURE DOMESTIC INTEREST,RECURRENT EXPENDITURE FOREIGN IMTEREST,RECURRENT EXPENDITURE WAGES & SALARIES,RECURRENT EXPENDITURE PENSIONS,RECURRENT EXPENDITURE OTHER,TOTAL RECURRENT EXPENDITURE,COUNTY TRANSFER,DEVELOPMENT EXPENDITURE ,TOTAL EXPENDITURE,,
2005,1,"14,047,000,000","25,260,000,000","55,557,000,000","43,434,000,000",0,"138,298,000,000","27,348,000,000","165,646,000,000",0,"7,108,000,000","7,108,000,000","11,984,010,000","5,190,430,000","62,025,570,000","7,532,000,000","50,002,990,000","136,735,000,000",0,"21,388,000,000","158,123,000,000",,
2005,2,"15,886,000,000","28,901,000,000","61,342,000,000","48,930,000,000",0,"155,059,000,000","30,460,000,000","185,519,000,000",0,"9,366,000,000","9,366,000,000","13,855,000,000","5,612,000,000","68,899,000,000","9,132,000,000","56,307,000,000","153,805,000,000",0,"24,158,000,000","177,963,000,000",,
2005,3,"17,533,000,000","32,414,000,000","69,295,000,000","55,620,000,000",0,"174,862,000,000","33,903,000,000","208,765,000,000",0,"10,371,000,000","10,371,000,000","16,368,000,000","6,196,000,000","77,315,000,000","9,797,000,000","67,309,000,000","176,985,000,000",0,"25,268,000,000","202,253,000,000",,
2005,4,"19,309,000,000","36,180,000,000","78,792,000,000","62,565,000,000",0,"196,846,000,000","35,960,000,000","232,806,000,000",0,"11,236,000,000","11,236,000,000","18,406,000,000","6,724,000,000","85,602,000,000","11,821,000,000","77,780,000,000","200,333,000,000",0,"29,621,000,000","229,954,000,000",,
2005,5,"21,010,000,000","39,892,000,000","87,626,000,000","68,247,000,000",0,"216,775,000,000","37,405,000,000","254,180,000,000",0,"12,396,000,000","12,396,000,000","20,500,000,000","7,011,000,000","95,780,000,000","12,124,000,000","90,049,000,000","225,464,000,000",0,"35,328,000,000","260,792,000,000",,
2005,6,"23,532,000,000","44,151,000,000","99,255,000,000","75,989,000,000",0,"242,927,000,000","46,875,000,000","289,802,000,000","5,564,000,000","9,341,000,000","14,905,000,000","23,375,000,000","7,427,000,000","105,612,000,000","12,568,000,000","109,096,000,000","258,078,000,000",0,"45,627,000,000","303,705,000,000",,
2005,7,"987,000,000","2,687,000,000","6,654,000,000","3,826,000,000",0,"14,154,000,000","1,327,000,000","15,481,000,000",0,"818,000,000","818,000,000","2,098,000,000","1,946,000,000","8,944,000,000","575,000,000","7,571,000,000","21,134,000,000",0,"3,533,000,000","24,667,000,000",,
2005,8,"2,742,000,000","6,080,000,000","15,462,000,000","9,577,000,000",0,"33,861,000,000","3,551,000,000","37,412,000,000",0,"1,881,000,000","1,881,000,000","4,201,000,000","2,603,000,000","17,869,000,000","2,118,000,000","21,576,000,000","48,367,000,000",0,"8,785,000,000","57,152,000,000",,
2005,9,"4,652,000,000","11,369,000,000","27,337,000,000","14,771,000,000",0,"58,129,000,000","6,815,000,000","64,944,000,000",0,"3,760,000,000","3,760,000,000","6,529,000,000","3,222,000,000","26,833,000,000","4,438,000,000","32,072,000,000","73,094,000,000",0,"13,458,000,000","86,552,000,000",,
2005,10,"6,322,000,000","15,246,000,000","35,498,000,000","21,362,000,000",0,"78,428,000,000","12,493,000,000","90,921,000,000",0,"4,201,000,000","4,201,000,000","8,970,000,000","5,031,000,000","35,619,000,000","7,404,000,000","43,993,000,000","101,017,000,000",0,"16,821,000,000","117,838,000,000",,
2005,11,"8,227,000,000","20,179,000,000","42,620,000,000","26,950,000,000",0,"97,976,000,000","13,629,000,000","111,605,000,000",0,"4,704,000,000","4,704,000,000","11,198,000,000","5,155,000,000","43,747,000,000","9,434,000,000","52,603,000,000","122,137,000,000",0,"19,157,000,000","141,294,000,000",,
2005,12,"9,923,000,000","24,937,000,000","54,823,000,000","33,753,000,000",0,"123,436,000,000","19,179,000,000","142,615,000,000",0,"5,698,000,000","5,698,000,000","13,761,000,000","5,824,000,000","53,666,000,000","11,189,000,000","70,401,000,000","154,841,000,000",0,"23,847,000,000","178,688,000,000",,
2006,1,"11,731,000,000","29,458,000,000","62,639,000,000","41,172,000,000",0,"145,000,000,000","24,821,000,000","169,821,000,000","4,371,000,000","9,548,000,000","13,919,000,000","16,873,000,000","6,887,000,000","62,610,000,000","12,698,000,000","80,326,000,000","179,394,000,000",0,"30,397,000,000","209,791,000,000",,
2006,2,"13,270,000,000","33,685,000,000","69,270,000,000","47,161,000,000",0,"163,386,000,000","26,840,000,000","190,226,000,000","4,371,000,000","10,131,000,000","14,502,000,000","19,690,000,000","8,075,000,000","71,555,000,000","14,088,000,000","87,103,000,000","200,511,000,000",0,"34,745,000,000","235,256,000,000",,
2006,3,"15,205,000,000","37,886,000,000","78,853,000,000","54,261,000,000",0,"186,205,000,000","30,947,000,000","217,152,000,000","4,371,000,000","11,234,000,000","15,605,000,000","22,772,000,000","8,715,000,000","79,621,000,000","15,571,000,000","100,299,000,000","226,978,000,000",0,"41,437,000,000","268,415,000,000",,
2006,4,"16,053,000,000","41,208,000,000","89,221,000,000","60,194,000,000",0,"206,676,000,000","34,314,000,000","240,990,000,000","4,371,000,000","11,981,000,000","16,352,000,000","25,419,000,000","9,276,000,000","88,448,000,000","16,274,000,000","109,883,000,000","249,300,000,000",0,"44,350,000,000","293,650,000,000",,
2006,5,"18,426,000,000","45,389,000,000","100,030,000,000","67,931,000,000",0,"231,776,000,000","41,715,000,000","273,491,000,000","4,371,000,000","12,579,000,000","16,950,000,000","28,364,000,000","9,378,000,000","97,300,000,000","17,922,000,000","122,508,000,000","275,472,000,000",0,"53,415,000,000","328,887,000,000",,
2006,6,"20,511,000,000","50,309,000,000","108,897,000,000","76,263,000,000",0,"255,980,000,000","57,615,550,000","313,595,550,000","4,371,000,000","15,592,000,000","19,963,000,000","31,445,000,000","9,664,000,000","112,277,000,000","19,759,000,000","143,036,000,000","316,181,000,000",0,"60,301,000,000","376,482,000,000",,
2006,7,"2,031,080,000","3,768,980,000","7,398,710,000","7,589,000,000",0,"20,787,770,000","1,858,020,000","22,645,790,000",0,"264,000,000","264,000,000","3,009,000,000","582,000,000","9,886,000,000","1,800,000,000","10,263,000,000","25,540,000,000",0,"372,000,000","25,912,000,000",,
2006,8,"4,650,000,000","8,755,000,000","14,810,000,000","14,016,000,000",0,"42,231,000,000","4,227,000,000","46,458,000,000",0,"1,440,000,000","1,440,000,000","5,964,000,000","925,000,000","19,492,000,000","4,800,000,000","19,352,000,000","50,533,000,000",0,"8,824,000,000","59,357,000,000",,
2006,9,"6,971,000,000","12,768,000,000","28,625,000,000","19,560,000,000",0,"67,924,000,000","7,633,000,000","75,557,000,000",0,"2,173,000,000","2,173,000,000","8,918,000,000","1,531,000,000","29,344,000,000","6,800,000,000","33,874,000,000","80,467,000,000",0,"13,901,000,000","94,368,000,000",,
2006,10,"8,954,000,000","16,862,000,000","35,345,000,000","29,267,000,000",0,"90,428,000,000","13,743,000,000","104,171,000,000",0,"3,693,000,000","3,693,000,000","11,732,000,000","1,861,000,000","39,087,000,000","8,100,000,000","48,555,000,000","109,335,000,000",0,"19,034,000,000","128,369,000,000",,
2006,11,"11,294,000,000","21,240,000,000","43,019,000,000","37,417,000,000",0,"112,970,000,000","15,687,000,000","128,657,000,000",0,"5,025,000,000","5,025,000,000","14,389,000,000","1,957,000,000","48,800,000,000","9,900,000,000","60,206,540,000","135,252,540,000",0,"25,858,360,000","161,110,890,000",,
2006,12,"13,692,730,000","25,373,900,000","56,537,000,000","44,617,000,000",0,"140,220,640,000","22,218,180,000","162,438,820,000",0,"6,027,000,000","6,027,000,000","17,559,000,000","2,756,000,000","58,514,210,000","11,798,110,000","69,864,600,000","160,491,920,000",0,"30,276,870,000","190,768,790,000",,
2007,1,"16,071,000,000","31,205,000,000","65,182,000,000","53,015,000,000",0,"165,473,000,000","29,847,000,000","195,320,000,000",0,"6,163,000,000","6,163,000,000","20,634,000,000","3,224,000,000","67,370,000,000","12,348,000,000","79,741,000,000","183,317,000,000",0,"36,409,000,000","219,726,000,000",,
2007,2,"18,178,000,000","35,139,000,000","72,539,000,000","59,867,000,000",0,"185,723,000,000","36,020,000,000","221,743,000,000",0,"6,463,000,000","6,463,000,000","23,507,000,000","3,560,000,000","78,528,000,000","14,208,000,000","93,710,000,000","213,513,000,000",0,"41,924,000,000","255,437,000,000",,
2007,3,"20,514,000,000","39,613,000,000","82,947,000,000","68,899,000,000",0,"211,973,000,000","44,741,000,000","256,714,000,000",0,"8,283,000,000","8,283,000,000","27,789,000,000","4,158,000,000","89,423,000,000","16,668,000,000","106,502,000,000","244,540,000,000",0,"53,094,000,000","297,635,000,000",,
2007,4,"23,078,000,000","44,926,000,000","97,426,000,000","78,522,000,000",0,"243,952,000,000","46,493,000,000","290,445,000,000",0,"11,011,000,000","11,011,000,000","30,959,000,000","4,532,000,000","99,437,000,000","17,648,000,000","120,816,000,000","273,392,000,000",0,"57,472,000,000","330,864,000,000",,
2007,5,"25,336,000,000","50,336,000,000","108,700,000,000","87,395,000,000",0,"271,767,000,000","56,188,000,000","327,955,000,000",0,"11,150,000,000","11,150,000,000","33,698,000,000","4,623,000,000","111,308,000,000","19,718,000,000","127,186,000,000","296,533,000,000",0,"65,153,000,000","361,686,000,000",,
2007,6,"27,510,000,000","56,406,000,000","124,855,000,000","96,269,000,000",0,"305,040,000,000","67,990,000,000","373,030,000,000",0,"15,494,000,000","15,494,000,000","36,860,000,000","5,677,000,000","128,754,000,000","20,449,000,000","133,959,000,000","325,699,000,000",0,"81,053,000,000","406,752,000,000",,
2007,7,"3,215,000,000","5,162,000,000","10,060,000,000","10,742,000,000",0,"29,179,000,000","4,337,000,000","33,516,000,000",0,"656,000,000","656,000,000","3,443,000,000","400,000,000","10,532,000,000","1,550,000,000","10,617,000,000","26,542,000,000",0,"2,751,000,000","29,293,000,000",,
2007,8,"5,913,000,000","10,732,000,000","19,686,000,000","19,580,000,000",0,"55,911,000,000","8,886,000,000","64,797,000,000",0,"1,167,000,000","1,167,000,000","7,413,000,000","685,000,000","18,936,000,000","3,586,000,000","25,594,000,000","56,214,000,000",0,"13,432,000,000","69,646,000,000",,
2007,9,"8,587,000,000","15,286,000,000","34,486,000,000","28,835,000,000",0,"87,194,000,000","8,816,000,000","96,010,000,000",0,"1,237,000,000","1,237,000,000","10,454,000,000","1,069,000,000","33,208,000,000","5,238,000,000","28,578,000,000","78,547,000,000",0,"16,275,000,000","94,822,000,000",,
2007,10,"11,550,000,000","20,953,000,000","45,811,000,000","38,500,000,000",0,"116,814,000,000","13,588,000,000","130,402,000,000",0,"4,735,000,000","4,735,000,000","14,026,000,000","1,501,000,000","44,188,000,000","6,710,000,000","45,162,000,000","111,587,000,000",0,"31,232,000,000","142,819,000,000",,
2007,11,"14,620,000,000","26,998,000,000","56,302,000,000","48,176,000,000",0,"146,096,000,000","16,487,000,000","162,583,000,000",0,"6,365,000,000","6,365,000,000","17,568,000,000","1,729,000,000","55,347,000,000","8,507,000,000","59,827,000,000","142,978,000,000",0,"45,560,000,000","188,538,000,000",,
2007,12,"16,734,000,000","31,030,000,000","71,944,000,000","54,489,000,000",0,"174,197,000,000","29,534,000,000","203,731,000,000",0,"8,362,000,000","8,362,000,000","21,111,000,000","2,330,000,000","68,335,000,000","12,560,000,000","65,899,000,000","170,235,000,000",0,"51,723,000,000","221,958,000,000",,
2008,1,"19,651,000,000","37,665,000,000","83,880,000,000","66,249,000,000",0,"207,445,000,000","34,077,000,000","241,522,000,000","3,759,000,000","12,345,000,000","16,104,000,000","24,572,000,000","2,752,000,000","79,725,000,000","12,200,000,000","102,416,000,000","221,665,000,000",0,"61,951,000,000","283,616,000,000",,
2008,2,"22,497,000,000","42,036,000,000","92,769,000,000","75,003,000,000",0,"232,305,000,000","37,001,000,000","269,306,000,000","3,759,000,000","12,345,000,000","16,104,000,000","27,931,000,000","3,036,000,000","91,115,000,000","13,300,000,000","110,597,000,000","245,979,000,000",0,"67,992,000,000","313,971,000,000",,
2008,3,"25,650,000,000","46,662,000,000","105,627,000,000","82,964,000,000",0,"260,903,000,000","47,380,000,000","308,283,000,000","3,759,000,000","14,305,000,000","18,064,000,000","30,969,000,000","4,069,000,000","103,504,000,000","16,840,000,000","127,674,000,000","283,056,000,000",0,"75,538,000,000","358,594,000,000",,
2008,4,"27,846,000,000","52,062,000,000","123,757,000,000","92,085,000,000",0,"295,750,000,000","50,441,000,000","346,191,000,000","3,759,000,000","16,166,000,000","19,925,000,000","33,692,000,000","4,492,000,000","118,452,000,000","19,290,000,000","137,243,000,000","313,169,000,000",0,"80,757,000,000","393,926,000,000",,
2008,5,"30,534,000,000","57,077,000,000","138,685,000,000","102,154,000,000",0,"328,450,000,000","53,181,000,000","381,631,000,000","3,759,000,000","21,036,000,000","24,795,000,000","38,243,000,000","4,719,000,000","130,297,000,000","22,350,000,000","156,735,000,000","352,344,000,000",0,"96,341,000,000","448,685,000,000",,
2008,6,"32,944,000,000","61,906,000,000","156,832,000,000","111,939,000,000",0,"363,621,000,000","68,599,000,000","432,220,000,000","3,759,000,000","21,689,000,000","25,448,000,000","42,181,000,000","5,696,000,000","145,996,000,000","24,089,000,000","185,407,000,000","403,368,000,000",0,"131,473,000,000","534,841,000,000",,
2008,7,"2,476,000,000","5,238,000,000","11,384,000,000","10,354,000,000",0,"29,452,000,000","4,100,000,000","33,552,000,000",0,"121,000,000","121,000,000","3,213,000,000","356,000,000","13,788,000,000","1,550,000,000","7,293,000,000","26,200,000,000",0,"3,320,000,000","29,520,000,000",,
2008,8,"4,654,000,000","10,437,000,000","22,118,000,000","20,201,000,000",0,"57,410,000,000","8,818,000,000","66,228,000,000",0,"2,090,000,000","2,090,000,000","6,742,000,000","605,000,000","27,183,000,000","3,620,000,000","18,262,000,000","56,412,000,000",0,"18,231,000,000","74,643,000,000",,
2008,9,"7,760,000,000","15,882,000,000","39,782,000,000","31,243,000,000",0,"94,667,000,000","14,219,000,000","108,886,000,000",0,"3,239,000,000","3,239,000,000","10,417,000,000","1,087,000,000","38,111,000,000","7,315,000,000","33,556,000,000","90,486,000,000",0,"19,580,000,000","110,066,000,000",,
2008,10,"10,964,000,000","21,837,000,000","52,024,000,000","41,993,000,000",0,"126,818,000,000","19,429,000,000","146,247,000,000",0,"3,520,000,000","3,520,000,000","13,629,000,000","1,536,000,000","52,138,000,000","8,840,000,000","60,543,000,000","136,686,000,000",0,"39,172,000,000","175,858,000,000",,
2008,11,"14,326,000,000","26,446,000,000","62,803,000,000","53,117,000,000",0,"156,692,000,000","23,568,000,000","180,260,000,000",0,"3,890,000,000","3,890,000,000","18,805,000,000","1,692,000,000","61,815,000,000","10,400,000,000","71,731,000,000","164,443,000,000",0,"46,067,000,000","210,510,000,000",,
2008,12,"18,052,000,000","32,495,000,000","84,804,000,000","63,846,000,000",0,"199,197,000,000","32,564,000,000","231,761,000,000",0,"5,165,000,000","5,165,000,000","21,359,000,000","2,637,000,000","77,778,000,000","13,970,000,000","90,195,000,000","205,939,000,000",0,"57,006,000,000","262,945,000,000",,
2009,1,"21,181,000,000","39,019,000,000","98,540,000,000","74,678,000,000",0,"233,418,000,000","37,776,000,000","271,194,000,000",0,"6,225,000,000","6,225,000,000","25,176,000,000","3,380,000,000","90,435,000,000","14,610,000,000","104,988,000,000","238,589,000,000",0,"62,947,000,000","301,536,000,000",,
2009,2,"24,077,000,000","44,781,000,000","117,533,000,000","84,620,000,000",0,"271,011,000,000","38,234,000,000","309,245,000,000",0,"9,604,000,000","9,604,000,000","30,472,000,000","3,944,000,000","103,550,000,000","16,210,000,000","124,721,000,000","278,897,000,000",0,"80,486,000,000","359,383,000,000",,
2009,3,"27,062,000,000","50,503,000,000","133,603,000,000","94,818,000,000",0,"305,986,000,000","38,239,000,000","344,225,000,000",0,"13,209,000,000","13,209,000,000","33,510,000,000","4,442,000,000","117,270,000,000","21,021,000,000","132,371,000,000","308,614,000,000",0,"81,512,000,000","390,126,000,000",,
2009,4,"29,813,000,000","57,332,000,000","157,873,000,000","105,056,000,000",0,"350,074,000,000","42,481,000,000","392,555,000,000",0,"14,659,000,000","14,659,000,000","37,346,000,000","4,896,000,000","130,300,000,000","21,220,000,000","166,377,000,000","360,139,000,000",0,"104,985,000,000","465,124,000,000",,
2009,5,"32,642,000,000","63,422,000,000","179,117,000,000","115,032,000,000",0,"390,213,000,000","42,227,000,000","432,440,000,000",0,"17,202,000,000","17,202,000,000","42,089,000,000","6,267,000,000","143,330,000,000","22,320,000,000","179,494,000,000","393,500,000,000",0,"122,203,000,000","515,703,000,000",,
2009,6,"36,181,000,000","69,872,000,000","184,447,000,000","126,854,000,000",0,"417,354,000,000","70,539,000,000","487,893,000,000",0,"18,065,000,000","18,065,000,000","45,949,000,000","6,109,000,000","155,220,000,000","27,191,000,000","200,952,000,000","435,421,000,000",0,"160,177,000,000","595,598,000,000",,
2009,7,"3,316,000,000","5,848,000,000","11,848,000,000","12,398,000,000",0,"33,410,000,000","4,652,000,000","38,062,000,000",0,"2,018,000,000","2,018,000,000","4,509,000,000","558,000,000","14,458,000,000","2,570,000,000","13,300,000,000","35,395,000,000",0,"9,393,000,000","44,788,000,000",,
2009,8,"6,316,000,000","10,850,000,000","23,514,000,000","23,044,000,000",0,"63,724,000,000","8,547,000,000","72,271,000,000",0,"2,549,000,000","2,549,000,000","8,834,000,000","826,000,000","28,917,000,000","5,130,000,000","32,302,000,000","76,009,000,000",0,"21,636,000,000","97,645,000,000",,
2009,9,"9,490,000,000","17,273,000,000","45,394,000,000","34,547,000,000",0,"106,704,000,000","19,949,000,000","126,653,000,000",0,"3,469,000,000","3,469,000,000","13,497,000,000","1,490,000,000","43,375,000,000","6,880,000,000","56,750,000,000","121,992,000,000",0,"39,021,000,000","161,013,000,000",,
2009,10,"12,894,000,000","23,731,000,000","60,443,000,000","44,887,000,000",0,"141,955,000,000","25,355,000,000","167,310,000,000",0,"3,524,000,000","3,524,000,000","19,631,000,000","1,917,000,000","57,833,000,000","8,920,000,000","76,508,000,000","164,809,000,000",0,"45,920,000,000","210,729,000,000",,
2009,11,"16,492,000,000","29,838,000,000","73,066,000,000","57,082,000,000",0,"176,478,000,000","27,986,000,000","204,464,000,000",0,"3,524,000,000","3,524,000,000","25,789,000,000","2,199,000,000","72,291,000,000","12,470,000,000","82,700,000,000","195,449,000,000",0,"52,297,000,000","247,746,000,000",,
2009,12,"20,647,000,000","37,301,000,000","97,049,000,000","69,454,000,000",0,"224,451,000,000","32,863,000,000","257,314,000,000",0,"8,766,000,000","8,766,000,000","31,144,000,000","3,167,000,000","82,516,000,000","16,110,000,000","101,911,000,000","234,848,000,000",0,"61,284,000,000","296,132,000,000",,
2010,1,"24,029,000,000","43,080,000,000","111,349,000,000","81,309,000,000",0,"259,767,000,000","44,764,000,000","304,531,000,000",0,"9,879,000,000","9,879,000,000","34,415,000,000","3,623,000,000","101,208,000,000","17,410,000,000","125,783,000,000","282,439,000,000",0,"91,807,000,000","374,246,000,000",,
2010,2,"27,012,000,000","48,668,000,000","123,131,000,000","91,879,000,000",0,"290,690,000,000","49,994,000,000","340,684,000,000",0,"9,978,000,000","9,978,000,000","38,861,000,000","3,886,000,000","115,666,000,000","20,300,000,000","153,009,000,000","331,722,000,000",0,"108,304,000,000","440,026,000,000",,
2010,3,"30,499,000,000","54,375,000,000","140,282,000,000","104,723,000,000",0,"329,879,000,000","57,810,000,000","387,689,000,000",0,"14,378,000,000","14,378,000,000","43,440,000,000","4,483,000,000","128,058,000,000","24,812,000,000","181,097,000,000","381,890,000,000",0,"121,194,000,000","503,084,000,000",,
2010,4,"34,017,000,000","60,951,000,000","164,615,000,000","116,820,000,000",0,"376,403,000,000","63,870,000,000","440,273,000,000",0,"16,301,000,000","16,301,000,000","46,510,000,000","4,898,000,000","144,583,000,000","24,778,000,000","191,856,000,000","412,625,000,000",0,"152,487,000,000","565,112,000,000",,
2010,5,"37,396,000,000","67,745,000,000","182,052,000,000","128,187,000,000",0,"415,380,000,000","69,823,000,000","485,203,000,000",0,"16,822,000,000","16,822,000,000","51,923,000,000","5,194,000,000","156,515,000,000","27,094,000,000","228,185,000,000","468,911,000,000",0,"175,633,000,000","644,544,000,000",,
2010,6,"41,372,000,000","74,644,000,000","216,760,000,000","146,792,000,000",0,"479,568,000,000","106,809,000,000","586,377,000,000",0,"31,190,000,000","31,190,000,000","58,438,000,000","6,341,000,000","173,499,000,000","28,441,000,000","269,676,000,000","536,395,000,000",0,"255,398,000,000","791,793,000,000",,
2010,7,"2,821,000,000","5,889,000,000","13,219,000,000","11,916,000,000",0,"33,845,000,000","4,694,000,000","38,539,000,000",0,0,0,"3,762,000,000","491,000,000","15,974,000,000","1,950,000,000","13,582,000,000","35,759,000,000",0,"174,000,000","35,933,000,000",,
2010,8,"6,273,000,000","12,065,000,000","27,193,000,000","24,513,000,000",0,"70,044,000,000","12,042,000,000","82,086,000,000",0,"944,000,000","944,000,000","9,380,000,000","747,000,000","31,948,000,000","4,085,000,000","39,260,000,000","85,420,000,000",0,"26,364,000,000","111,784,000,000",,
2010,9,"10,323,000,000","18,968,000,000","51,972,000,000","38,207,000,000",0,"119,470,000,000","13,399,000,000","132,869,000,000",0,"1,178,000,000","1,178,000,000","14,487,000,000","1,596,000,000","43,412,000,000","6,000,000,000","58,227,000,000","123,722,000,000",0,"39,741,000,000","163,463,000,000",,
2010,10,"14,402,000,000","25,565,000,000","69,453,000,000","53,228,000,000",0,"162,648,000,000","25,253,000,000","187,901,000,000",0,"5,185,000,000","5,185,000,000","21,612,000,000","2,303,000,000","64,881,000,000","8,860,000,000","83,276,000,000","180,932,000,000",0,"62,550,000,000","243,482,000,000",,
2010,11,"18,647,000,000","32,331,000,000","84,560,000,000","67,487,000,000",0,"203,025,000,000","33,378,000,000","236,403,000,000",0,"6,757,000,000","6,757,000,000","27,223,000,000","2,789,000,000","81,101,000,000","10,650,000,000","102,229,000,000","223,992,000,000",0,"79,574,000,000","303,566,000,000",,
2010,12,"22,699,000,000","39,516,000,000","114,188,000,000","81,576,000,000",0,"257,979,000,000","36,883,000,000","294,862,000,000",0,"8,108,000,000","8,108,000,000","34,214,000,000","3,634,000,000","98,395,000,000","13,470,000,000","123,817,000,000","273,530,000,000",0,"83,192,670,000","356,722,670,000",,
2011,1,"26,830,000,000","47,177,000,000","130,250,000,000","98,612,000,000",0,"302,869,000,000","47,856,000,000","350,725,000,000",0,"11,851,000,000","11,851,000,000","36,737,000,000","4,169,000,000","114,794,000,000","15,110,000,000","149,392,000,000","320,202,000,000",0,"113,899,500,000","434,101,500,000",,
2011,2,"29,881,000,000","54,186,000,000","144,295,000,000","111,427,000,000",0,"339,789,000,000","54,751,000,000","394,540,000,000",0,"14,262,000,000","14,262,000,000","41,645,000,000","4,429,000,000","131,194,000,000","17,010,000,000","161,224,000,000","355,502,000,000",0,"133,862,000,000","489,364,000,000",,
2011,3,"34,032,000,000","60,879,000,000","164,961,000,000","125,497,000,000",0,"385,369,000,000","61,197,000,000","446,566,000,000",0,"15,766,000,000","15,766,000,000","49,214,000,000","5,159,000,000","147,593,000,000","19,310,000,000","188,835,000,000","410,111,000,000",0,"149,889,000,000","560,000,000,000",,
2011,4,"37,105,000,000","66,528,000,000","195,385,000,000","139,887,000,000",0,"438,905,000,000","72,487,000,000","511,392,000,000",0,"14,294,000,000","14,294,000,000","52,846,000,000","5,159,000,000","165,051,000,000","22,385,000,000","216,196,000,000","461,637,000,000",0,"168,499,000,000","630,136,000,000",,
2011,5,"41,112,000,000","73,371,000,000","221,026,000,000","154,226,000,000",0,"489,735,000,000","76,052,000,000","565,787,000,000",0,"18,993,000,000","18,993,000,000","58,183,000,000","6,174,000,000","181,556,000,000","23,660,000,000","229,768,000,000","499,341,000,000",0,"188,257,000,000","687,598,000,000",,
2011,6,"46,072,000,000","80,567,000,000","258,651,000,000","171,881,000,000",0,"557,171,000,000","103,593,000,000","660,764,000,000",0,"7,468,000,000","7,468,000,000","69,209,000,000","6,989,000,000","197,959,000,000","26,670,000,000","281,696,000,000","582,523,000,000",0,"234,566,000,000","817,089,000,000",,
2011,7,"3,248,000,000","5,104,000,000","14,653,000,000","13,748,000,000",0,"36,753,000,000","2,609,000,000","39,362,000,000",0,"573,000,000","573,000,000","2,737,000,000","567,000,000","18,547,000,000","1,700,000,000","14,853,000,000","38,404,000,000",0,"5,315,000,000","43,719,000,000",,
2011,8,"7,888,000,000","11,159,000,000","31,470,000,000","27,934,000,000",0,"78,451,000,000","5,949,000,000","84,400,000,000",0,"1,044,000,000","1,044,000,000","11,384,000,000","826,000,000","37,094,000,000","3,800,000,000","25,297,000,000","78,401,000,000",0,"17,480,000,000","95,881,000,000",,
2011,9,"12,426,000,000","17,760,000,000","63,008,000,000","42,711,000,000",0,"135,905,000,000","11,147,000,000","147,052,000,000",0,"2,760,000,000","2,760,000,000","17,366,000,000","1,551,000,000","55,641,000,000","6,152,000,000","55,765,000,000","136,475,000,000",0,"43,150,000,000","179,625,000,000",,
2011,10,"16,356,000,000","22,853,000,000","84,523,000,000","55,660,000,000",0,"179,392,000,000","14,346,000,000","193,738,000,000",0,"3,232,000,000","3,232,000,000","23,738,000,000","2,102,000,000","68,345,000,000","8,072,000,000","86,313,000,000","188,570,000,000",0,"59,731,000,000","248,301,000,000",,
2011,11,"20,513,000,000","30,073,000,000","103,651,000,000","70,910,000,000",0,"225,147,000,000","17,992,000,000","243,139,000,000",0,"5,774,000,000","5,774,000,000","29,467,000,000","2,559,000,000","85,432,000,000","9,250,000,000","116,977,000,000","243,685,000,000",0,"76,384,000,000","320,069,000,000",,
2011,12,"25,055,460,000","37,010,850,000","141,447,820,000","86,160,580,000",0,"289,674,720,000","25,163,860,000","314,838,570,000",0,"7,017,630,000","7,017,630,000","37,749,140,000","3,454,610,000","108,090,100,000","11,250,000,000","155,388,760,000","315,932,610,000",0,"114,992,970,000","430,925,570,000",,
2012,1,"28,584,820,000","44,380,120,000","159,088,700,000","100,781,650,000",0,"332,835,290,000","29,280,700,000","362,115,990,000",0,"8,653,860,000","8,653,860,000","38,182,220,000","4,060,800,000","126,105,110,000","13,250,000,000","190,266,430,000","371,864,570,000",0,"137,335,580,000","509,200,150,000",,
2012,2,"32,455,000,000","50,627,000,000","178,098,000,000","114,489,000,000",0,"375,669,000,000","33,908,000,000","409,577,000,000",0,"10,256,000,000","10,256,000,000","51,178,000,000","4,339,000,000","144,120,000,000","15,150,000,000","211,248,000,000","426,035,000,000",0,"160,518,000,000","586,553,000,000",,
2012,3,"36,587,000,000","57,999,000,000","203,053,000,000","128,633,000,000",0,"426,272,000,000","38,897,000,000","465,169,000,000",0,"10,568,000,000","10,568,000,000","56,422,000,000","5,099,000,000","163,974,000,000","18,852,000,000","235,083,000,000","479,430,000,000",0,"190,752,000,000","670,182,000,000",,
2012,4,"40,539,000,000","64,504,000,000","240,871,000,000","142,939,000,000",0,"488,853,000,000","45,589,000,000","534,442,000,000",0,"12,536,000,000","12,536,000,000","65,007,000,000","5,645,000,000","182,193,000,000","21,752,000,000","271,219,280,000","545,816,280,000",0,"202,878,000,000","748,694,280,000",,
2012,5,"45,558,000,000","71,926,000,000","268,833,000,000","157,690,000,000",0,"544,007,000,000","53,288,000,000","597,295,000,000",0,"12,966,000,000","12,966,000,000","73,800,000,000","6,134,000,000","198,756,000,000","23,652,000,000","292,311,280,000","594,653,280,000",0,"231,574,000,000","826,227,280,000",,
2012,6,"51,712,000,000","78,884,000,000","312,463,000,000","183,386,000,000",0,"626,445,000,000","64,287,000,000","690,732,000,000",0,"12,966,000,000","12,966,000,000","82,339,000,000","8,880,000,000","218,833,000,000","26,152,000,000","302,865,000,000","639,069,000,000",0,"276,819,000,000","915,888,000,000",,
2012,7,"3,973,990,000","5,625,320,000","17,973,380,000","12,822,100,000",0,"40,394,790,000","2,794,570,000","43,189,360,000",0,"10,170,600","10,170,600","6,815,190,000","698,152,612","21,783,330,000","2,050,000,000","8,796,960,000","40,143,640,000",0,"9,888,600,000","50,032,240,000",,
2012,8,"8,932,890,000","11,459,200,000","41,990,510,000","27,186,400,000",0,"89,569,000,000","7,774,300,000","97,343,300,000",0,"519,526,467","519,526,467","18,183,870,000","1,686,450,000","43,566,670,000","3,500,000,000","40,927,120,000","107,864,110,000",0,"38,321,030,000","146,185,130,000",,
2012,9,"13,137,730,000","18,301,340,000","78,106,650,000","41,515,820,000",0,"151,061,540,000","10,942,470,000","162,004,010,000",0,"1,292,510,000","1,292,510,000","25,209,180,000","2,922,520,000","65,350,000,000","6,350,000,000","68,240,630,000","168,072,330,000",0,"64,219,810,000","232,292,140,000",,
2012,10,"18,528,020,000","26,307,610,000","103,100,530,000","53,056,310,000",0,"200,992,470,000","15,278,160,000","216,270,630,000",0,"2,953,080,000","2,953,080,000","36,129,280,000","3,683,090,000","86,478,250,000","6,850,000,000","94,623,970,000","227,764,580,000",0,"80,694,520,000","308,459,110,000",,
2012,11,"23,488,840,000","33,208,910,000","126,569,480,000","72,555,990,000",0,"255,823,230,000","25,136,180,000","280,959,410,000",0,"4,370,760,000","4,370,760,000","45,835,690,000","4,462,050,000","108,916,670,000","10,300,000,000","133,614,540,000","303,128,950,000",0,"99,937,950,000","403,066,900,000",,
2012,12,"28,212,630,000","40,532,060,000","168,398,390,000","87,565,620,000",0,"324,708,700,000","34,374,590,000","359,083,290,000",0,"6,282,510,000","6,282,510,000","53,622,580,000","5,528,770,000","131,149,180,000","12,300,000,000","182,881,040,000","385,481,570,000",0,"120,930,060,000","506,411,630,000",,
2013,1,"33,537,280,000","49,387,030,000","192,826,920,000","105,042,060,000",0,"380,793,290,000","38,783,110,000","419,576,400,000",0,"7,917,790,000","7,917,790,000","59,307,550,000","6,834,880,000","153,007,380,000","14,130,000,000","205,106,730,000","438,386,540,000",0,"151,162,160,000","589,548,700,000",,
2013,2,"37,906,340,000","56,523,110,000","214,700,730,000","119,699,630,000",0,"428,829,820,000","44,456,410,000","473,286,230,000",0,"8,543,240,000","8,543,240,000","71,512,070,000","7,427,720,000","174,266,670,000","16,930,000,000","230,903,540,000","501,040,000,000",0,"159,151,430,000","660,191,430,000",,
2013,3,"42,458,740,000","63,087,890,000","243,592,050,000","134,455,450,000",0,"483,594,140,000","47,998,120,000","531,592,250,000",0,"12,119,610,000","12,119,610,000","78,929,140,000","8,732,270,000","202,225,070,000","19,930,000,000","266,599,300,000","576,415,780,000",0,"197,661,200,000","774,076,980,000",,
2013,4,"47,144,940,000","69,984,260,000","290,336,190,000","189,157,570,000",0,"596,622,960,000","62,376,340,000","658,999,300,000",0,"13,607,500,000","13,607,500,000","87,699,140,000","9,485,340,000","217,833,330,000","20,180,000,000","324,804,240,000","660,002,050,000",0,"218,169,510,000","878,171,560,000",,
2013,5,"52,379,920,000","77,495,660,000","326,852,670,000","168,795,330,000",0,"625,523,580,000","69,522,810,000","695,046,390,000",0,"17,146,130,000","17,146,130,000","101,275,290,000","10,299,860,000","247,163,970,000","22,030,000,000","356,700,550,000","737,469,670,000",0,"248,051,610,000","985,521,280,000",,
2013,6,"61,484,240,000","91,810,070,000","370,600,000,000","216,000,000,000",0,"739,894,320,000","82,772,640,000","822,666,960,000",0,"76,373,330,000","76,373,330,000","94,513,540,000","11,335,230,000","292,239,000,000","41,011,830,000","380,551,340,000","819,650,940,000",0,"443,721,010,000","1,263,371,950,000",,
2013,7,"6,700,690,000","7,947,210,000","25,208,810,000","15,256,690,000",0,"55,113,410,000","3,464,010,000","58,577,410,000",0,"17,000,000","17,000,000","3,315,200,000","504,294,093","22,788,150,000","1,800,000,000","21,343,470,000","49,751,120,000",0,"175,346,881","49,926,470,000",,
2013,8,"16,071,300,000","18,250,440,000","52,563,230,000","34,215,070,000",0,"121,100,040,000","7,022,230,000","128,122,270,000",0,"298,974,421","298,974,421","14,654,600,000","809,357,871","45,388,380,000","4,050,000,000","56,410,420,000","121,312,750,000","16,440,590,000","7,281,190,000","145,034,540,000",,
2013,9,"23,325,500,000","29,001,860,000","98,914,410,000","51,548,700,000",0,"202,790,470,000","10,776,540,000","213,567,010,000",0,"1,623,960,000","1,623,960,000","28,377,450,000","2,913,050,000","67,292,280,000","6,050,000,000","88,786,620,000","193,419,390,000","32,881,180,000","38,125,320,000","264,425,900,000",,
2013,10,"31,774,580,000","31,870,540,000","131,457,090,000","71,973,500,000",0,"267,075,710,000","21,600,400,000","288,676,110,000",0,"4,636,050,000","4,636,050,000","40,650,430,000","3,480,510,000","90,376,750,000","8,900,000,000","116,934,150,000","260,341,840,000","32,881,180,000","59,077,770,000","352,300,800,000",,
2013,11,"39,722,000,000","40,835,650,000","159,185,370,000","91,186,850,000",0,"330,929,880,000","33,160,390,000","364,090,260,000",0,"7,891,420,000","7,891,420,000","50,945,130,000","4,016,000,000","113,720,940,000","11,460,000,000","139,857,100,000","319,999,170,000","52,223,060,000","86,160,450,000","458,382,670,000",,
2013,12,"47,493,000,000","48,050,390,000","210,699,120,000","110,723,240,000",0,"416,965,750,000","43,636,600,000","460,602,350,000",0,"8,368,610,000","8,368,610,000","60,096,260,000","5,019,900,000","138,165,130,000","13,810,000,000","162,330,280,000","379,421,570,000","66,542,320,000","110,801,040,000","556,764,930,000",,
2014,1,"55,873,030,000","57,044,760,000","239,412,090,000","132,020,400,000",0,"484,350,280,000","54,450,580,000","538,800,860,000",0,"9,298,660,000","9,298,660,000","64,918,710,000","5,688,910,000","173,395,170,000","16,010,000,000","196,048,640,000","456,061,430,000","88,972,610,000","124,805,580,000","669,839,620,000",,
2014,2,"62,547,680,000","64,686,190,000","264,210,530,000","149,385,250,000",0,"540,829,640,000","46,275,510,000","587,105,150,000",0,"11,580,080,000","11,580,080,000","75,748,550,000","6,040,250,000","196,831,470,000","18,310,000,000","198,953,810,000","495,884,080,000","91,207,950,000","158,805,860,000","745,897,890,000",,
2014,3,"69,518,490,000","72,451,770,000","298,241,620,000","168,100,460,000",0,"608,312,340,000","73,264,430,000","681,576,770,000",0,"12,723,300,000","12,723,300,000","82,561,900,000","8,192,830,000","221,249,690,000","20,310,000,000","213,130,470,000","545,444,890,000","110,115,240,000","172,084,740,000","827,644,870,000",,
2014,4,"76,877,990,000","81,085,610,000","351,630,350,000","188,091,810,000",0,"697,685,760,000","81,327,680,000","779,013,440,000",0,"16,734,500,000","16,734,500,000","89,273,470,000","8,759,890,000","246,032,990,000","22,660,000,000","239,446,780,000","606,173,120,000","124,810,420,000","209,478,720,000","940,462,260,000",,
2014,5,"84,511,670,000","90,419,750,000","389,249,190,000","210,202,430,000",0,"774,383,040,000","85,776,820,000","860,159,860,000",0,"20,605,400,000","20,605,400,000","108,703,690,000","9,479,740,000","270,836,280,000","24,910,000,000","267,877,260,000","681,806,980,000","159,907,700,000","237,985,210,000","1,079,699,880,000",,
2014,6,"67,554,640,000","102,029,100,000","449,590,070,000","232,630,320,000",0,"851,804,130,000","117,358,030,000","969,162,150,000",0,"25,272,960,000","25,272,960,000","119,193,050,000","14,934,320,000","288,471,470,000","31,210,000,000","342,684,210,000","796,493,040,000","193,389,860,000","291,279,920,000","1,281,162,820,000",,
2014,7,"4,564,120,000","7,614,580,000","31,331,130,000","17,885,280,000",0,"61,395,110,000","28,335,100,000","89,730,220,000",0,"527,230,000","527,230,000","4,509,050,000","462,676,436","25,000,000,000","1,800,000,000","15,358,760,000","47,130,480,000",0,"2,459,600,000","49,590,080,000",,
2014,8,"10,180,300,000","14,893,930,000","62,134,530,000","37,505,220,000",0,"124,713,980,000","42,866,190,000","167,580,170,000",0,"581,802,000","581,802,000","18,657,000,000","1,051,220,000","50,010,000,000","3,945,980,000","55,456,430,000","129,120,640,000",0,"11,949,150,000","141,069,790,000",,
2014,9,"16,632,950,000","24,672,980,000","116,250,030,000","58,708,190,000",0,"216,264,150,000","45,236,810,000","261,500,960,000",0,"3,377,150,000","3,377,150,000","34,672,730,000","3,848,460,000","75,030,000,000","6,915,980,000","98,484,710,000","218,951,880,000","9,064,020,000","33,099,670,000","261,115,560,000",,
2014,10,"22,465,820,000","37,500,360,000","150,355,810,000","80,398,180,000",0,"290,720,160,000","61,552,460,000","352,272,630,000",0,"6,010,810,000","6,010,810,000","39,569,100,000","4,179,790,000","91,492,450,000","9,735,980,000","104,572,590,000","249,549,910,000","50,721,920,000","73,235,790,000","373,507,610,000",,
2014,11,"28,171,970,000","47,378,450,000","180,321,150,000","101,526,790,000",0,"357,398,360,000","58,731,830,000","416,130,190,000",0,"6,664,250,000","6,664,250,000","51,230,690,000","5,164,950,000","114,365,560,000","12,495,980,000","119,190,900,000","302,448,070,000","69,908,340,000","117,740,190,000","490,096,600,000",,
2014,12,"35,091,520,000","56,506,120,000","239,201,930,000","122,887,720,000",0,"453,687,290,000","83,078,310,000","536,765,600,000",0,"7,826,840,000","7,826,840,000","56,110,240,000","11,375,150,000","150,000,000,000","15,995,980,000","150,371,380,000","383,852,750,000","83,616,280,000","146,495,560,000","613,964,590,000",,
2015,1,"41,881,560,000","66,833,180,000","272,458,240,000","147,619,960,000","29,417,870,000","558,210,800,000","52,845,540,000","611,056,340,000",0,"11,204,860,000","11,204,860,000","61,630,830,000","12,806,620,000","165,150,910,000","19,246,980,000","200,895,080,000","459,730,430,000","108,244,080,000","196,861,210,000","764,835,720,000",,
2015,2,"47,363,610,000","74,536,930,000","303,065,920,000","166,771,330,000","35,951,140,000","627,688,930,000","65,098,740,000","692,787,670,000",0,"15,158,170,000","15,158,170,000","72,382,340,000","18,914,550,000","188,743,900,000","20,446,980,000","235,488,120,000","535,975,880,000","115,321,810,000","212,885,930,000","864,183,630,000",,
2015,3,"53,241,660,000","83,762,290,000","342,207,380,000","187,640,070,000","32,219,030,000","699,070,440,000","65,496,890,000","764,567,340,000",0,"19,123,610,000","19,123,610,000","85,699,500,000","21,303,290,000","225,000,000,000","25,946,980,000","261,707,440,000","619,657,210,000","138,064,920,000","375,413,070,000","1,133,135,190,000",,
2015,4,"59,201,650,000","94,354,320,000","398,095,050,000","210,855,390,000","39,628,180,000","802,134,590,000","76,263,710,000","878,398,290,000",0,"23,419,630,000","23,419,630,000","97,735,570,000","21,303,290,000","250,000,000,000","30,046,980,000","293,817,100,000","692,902,940,000","172,338,060,000","399,083,810,000","1,264,324,810,000",,
2015,5,"65,320,780,000","104,866,070,000","442,489,540,000","233,154,990,000","35,200,430,000","881,031,810,000","77,734,030,000","958,765,840,000",0,"23,531,130,000","23,531,130,000","109,786,100,000","21,309,010,000","232,817,940,000","33,081,980,000","350,025,360,000","747,020,390,000","180,538,260,000","420,084,150,000","1,347,642,800,000",,
2015,6,"74,047,720,000","115,871,720,000","508,580,900,000","259,685,200,000","39,039,890,000","997,225,430,000","85,936,470,000","1,083,161,900,000",0,"27,383,850,000","27,383,850,000","139,727,920,000","29,289,050,000","297,978,480,000","38,231,980,000","359,020,530,000","864,247,960,000","229,336,240,000","511,822,120,000","1,605,406,320,000",,
2015,7,"5,853,470,000","9,415,750,000","36,489,510,000","21,897,560,000","3,464,090,000","77,120,380,000","4,087,260,000","81,207,630,000",0,"61,002,608","61,002,608","6,722,040,000","1,973,010,000","27,793,890,000","200,000,000","15,138,250,000","51,827,190,000",0,"5,155,940,000","56,983,120,000",,
2015,8,"12,675,890,000","19,812,260,000","69,280,200,000","44,333,760,000","7,318,480,000","153,420,590,000","8,770,250,000","162,190,830,000",0,"2,975,940,000","2,975,940,000","19,393,260,000","2,454,200,000","55,587,780,000","3,100,000,000","16,553,280,000","97,088,520,000","11,834,570,000","29,772,570,000","138,695,660,000",,
2015,9,"19,422,320,000","30,103,860,000","126,753,690,000","69,408,950,000","10,935,470,000","256,624,300,000","20,369,810,000","276,994,110,000",0,"5,493,790,000","5,493,790,000","37,395,180,000","5,635,860,000","52,089,780,000","10,400,000,000","76,074,540,000","181,595,360,000","31,387,600,000","41,218,700,000","254,201,660,000",,
2015,10,"26,230,620,000","41,110,600,000","162,202,780,000","91,824,890,000","15,584,200,000","336,953,080,000","28,530,600,000","365,483,680,000",0,"6,494,630,000","6,494,630,000","51,557,360,000","5,635,860,000","52,092,780,000","14,400,000,000","161,362,770,000","285,048,770,000","54,151,570,000","57,472,470,000","396,672,810,000",,
2015,11,"32,733,880,000","51,809,440,000","197,436,720,000","115,132,810,000","18,982,720,000","416,095,560,000","35,190,160,000","451,285,720,000",0,"8,252,100,000","8,252,100,000","67,275,850,000","5,990,230,000","97,226,100,000","19,055,000,000","179,848,100,000","369,395,270,000","78,767,000,000","159,564,860,000","607,727,130,000",,
2015,12,"39,170,000,000","64,705,000,000","262,184,000,000","138,036,000,000","21,945,000,000","526,040,000,000","49,200,000,000","575,240,000,000",0,"9,243,000,000","9,243,000,000","85,715,000,000","15,067,000,000","148,714,770,000","23,468,000,000","203,997,230,000","476,962,000,000","99,191,000,000","193,030,000,000","769,183,000,000",,
2016,1,"46,501,240,000","77,032,830,000","297,878,070,000","163,068,660,000","24,759,510,000","609,240,300,000","61,700,200,000","670,940,500,000",0,"20,825,600,000","20,825,600,000","92,686,070,000","17,374,180,000","194,557,220,000","27,053,700,000","218,855,000,000","550,526,180,000","114,192,750,000","224,147,670,000","888,866,610,000",,
2016,2,"47,212,860,000","77,666,680,000","299,514,610,000","164,755,340,000","25,375,530,000","614,525,010,000","66,352,920,000","680,877,930,000",0,"24,248,770,000","24,248,770,000","105,146,710,000","17,937,310,000","222,351,110,000","27,053,700,000","194,337,480,000","566,826,320,000","114,659,520,000","246,270,440,000","927,756,270,000",,
2016,3,"57,792,860,000","99,129,090,000","379,544,000,000","209,242,650,000","30,167,500,000","775,876,090,000","76,503,810,000","852,379,900,000",0,"24,491,230,000","24,491,230,000","122,586,880,000","19,403,840,000","250,145,000,000","35,243,530,000","283,424,120,000","710,803,370,000","161,598,080,000","297,263,120,000","1,169,664,570,000",,
2016,4,"64,271,460,000","111,517,060,000","445,127,850,000","234,226,410,000","32,973,570,000","888,116,350,000","85,145,590,000","973,261,940,000",0,"26,075,670,000","26,075,670,000","137,820,730,000","20,253,970,000","277,938,890,000","42,278,430,000","323,418,540,000","801,710,570,000","199,384,770,000","337,847,990,000","1,338,943,320,000",,
2016,5,"71,582,140,000","125,956,960,000","497,253,660,000","260,671,900,000","36,055,390,000","991,520,040,000","93,345,490,000","1,084,865,540,000",0,"26,480,000,000","26,480,000,000","153,792,910,000","21,524,140,000","305,732,780,000","47,892,930,000","371,506,650,000","900,449,410,000","227,231,690,000","363,870,470,000","1,491,551,560,000",,
2016,6,"79,187,930,000","139,540,340,000","564,475,210,000","289,213,470,000","39,567,660,000","1,111,984,620,000","110,030,120,000","1,222,014,740,000",0,"28,005,460,000","28,005,460,000","172,857,040,000","30,510,020,000","307,421,400,000","54,396,430,000","463,943,670,000","1,029,128,550,000","264,038,640,000","483,601,220,000","1,776,768,410,000",,
2016,7,"6,136,020,000","13,555,240,000","35,269,490,000","23,775,810,000","2,316,110,000","81,052,670,000","7,641,070,000","88,693,740,000",0,0,0,"8,643,420,000","7,030,990,000","30,064,680,000","2,603,500,000","13,471,980,000","61,814,580,000",0,"1,579,670,000","63,394,250,000",,
2016,8,"12,797,550,000","27,205,480,000","80,325,680,000","52,696,550,000","5,174,610,000","178,199,870,000","18,588,960,000","196,788,820,000",0,"25,929,572","25,929,572","26,556,320,000","7,774,300,000","45,635,660,000","7,504,500,000","68,661,950,000","156,132,730,000","29,493,980,000","6,147,450,000","191,774,150,000",,
2016,9,"19,968,630,000","40,427,170,000","140,855,000,000","79,648,060,000","8,130,300,000","289,029,160,000","27,140,390,000","316,169,540,000",0,"1,422,360,000","1,422,360,000","36,110,380,000","9,422,970,000","75,100,000,000","14,533,600,000","107,164,450,000","242,331,400,000","55,346,510,000","81,751,510,000","379,429,410,000",,
2016,10,"25,843,570,000","52,977,150,000","177,381,820,000","100,833,150,000","10,375,400,000","367,411,090,000","37,880,270,000","405,291,360,000",0,"2,166,850,000","2,166,850,000","59,154,680,000","10,676,130,000","120,258,740,000","16,471,900,000","123,383,580,000","329,945,030,000","68,270,920,000","130,708,580,000","528,924,530,000",,
2016,11,"32,551,390,000","60,350,370,000","222,639,680,000","126,909,840,000","12,147,120,000","454,598,410,000","58,135,100,000","512,733,510,000",0,"7,358,180,000","7,358,180,000","76,925,200,000","14,818,710,000","150,323,420,000","21,454,300,000","161,250,650,000","424,772,280,000","95,596,660,000","225,436,670,000","745,805,610,000",,
2016,12,"42,883,210,000","81,664,370,000","289,274,610,000","160,535,770,000","16,812,600,000","591,170,560,000","78,164,530,000","669,335,100,000",0,"6,424,710,000","6,424,710,000","100,088,420,000","25,447,950,000","180,388,110,000","30,244,550,000","200,386,490,000","536,555,520,000","116,252,250,000","251,622,970,000","904,430,740,000",,
2017,1,"50,841,520,000","95,811,630,000","330,139,600,000","190,043,660,000","19,403,280,000","686,239,690,000","86,454,940,000","772,694,630,000",0,"12,950,390,000","12,950,390,000","110,412,620,000","34,805,510,000","210,452,790,000","32,461,550,000","222,037,640,000","610,170,120,000","139,309,490,000","333,425,710,000","1,082,905,320,000",,
2017,2,"58,615,390,000","109,381,190,000","364,994,080,000","217,776,700,000","22,381,900,000","773,149,260,000","96,571,690,000","869,720,960,000",0,"14,157,630,000","14,157,630,000","125,425,290,000","35,589,510,000","240,517,470,000","38,696,550,000","268,772,400,000","709,001,230,000","152,669,150,000","379,645,430,000","1,241,315,800,000",,
2017,3,"65,804,000,000","121,568,000,000","412,034,000,000","246,084,000,000","25,118,910,000","870,608,880,000","104,098,730,000","974,707,600,000",0,"20,479,180,000","20,479,180,000","145,791,960,000","37,279,890,000","270,582,160,000","41,911,250,000","312,942,750,000","808,508,000,000","185,231,180,000","441,360,140,000","1,435,099,320,000",,
2017,4,"72,638,000,000","134,666,000,000","482,910,000,000","274,169,000,000","27,613,710,000","991,996,200,000","114,131,870,000","1,106,128,070,000",0,"22,328,550,000","22,328,550,000","164,125,520,000","38,508,270,000","300,646,840,000","50,723,750,000","362,333,430,000","916,337,800,000","210,183,270,000","530,711,280,000","1,657,232,350,000",,
2017,5,"81,319,000,000","149,102,000,000","547,507,000,000","305,994,000,000","30,553,970,000","1,114,477,060,000","136,770,480,000","1,251,247,540,000",0,"20,699,320,000","20,699,320,000","188,577,710,000","44,322,000,000","307,424,520,000","52,520,750,000","454,556,120,000","1,047,401,090,000","245,501,350,000","559,397,120,000","1,852,299,550,000",,
2017,6,"89,943,000,000","165,474,000,000","625,050,000,000","339,034,000,000","33,961,290,000","1,253,462,720,000","143,637,530,000","1,397,100,240,000",0,"26,662,630,000","26,662,630,000","212,865,240,000","53,520,420,000","360,776,210,000","62,393,350,000","529,457,240,000","1,219,012,450,000","284,708,460,000","660,000,900,000","2,163,721,810,000",,
2017,7,"6,624,000,000","13,248,000,000","37,256,000,000","27,199,000,000","3,456,520,000","87,783,340,000","7,628,510,000","95,411,850,000",0,"81,181,200","81,181,200","11,708,840,000","7,102,480,000","32,604,920,000","250,000,000","17,821,820,000","69,488,060,000","8,793,580,000","5,748,510,000","84,030,160,000",,
2017,8,"13,196,000,000","27,163,000,000","81,718,000,000","58,888,000,000","6,801,160,000","187,765,670,000","16,260,380,000","204,026,050,000",0,"1,687,810,000","1,687,810,000","29,524,290,000","7,763,860,000","65,209,830,000","7,545,800,000","77,352,630,000","187,396,420,000","17,901,080,000","24,275,430,000","229,572,920,000",,
2017,9,"20,974,020,000","40,328,010,000","157,245,350,000","86,381,640,000","12,487,230,000","317,416,260,000","27,461,490,000","344,877,750,000",0,"6,265,570,000","6,265,570,000","49,871,410,000","12,246,580,000","97,814,750,000","10,222,320,000","127,052,540,000","297,207,610,000","20,434,080,000","57,713,230,000","375,354,920,000",,
2017,10,"27,600,580,000","47,824,450,000","202,707,160,000","111,987,920,000","15,090,930,000","405,211,040,000","38,846,960,000","444,057,990,000",0,"4,669,560,000","4,669,560,000","70,241,950,000","19,427,910,000","122,003,940,000","16,315,170,000","163,187,770,000","391,176,740,000","35,371,290,000","121,796,380,000","548,344,410,000",,
2017,11,"40,873,870,000","62,635,270,000","245,488,490,000","141,632,510,000","18,070,280,000","508,700,420,000","49,694,480,000","558,394,900,000",0,"9,922,550,000","9,922,550,000","89,408,820,000","25,130,600,000","163,024,580,000","22,170,200,000","210,492,100,000","510,226,290,000","65,452,700,000","143,302,510,000","718,981,500,000",,
2017,12,"47,530,090,000","75,181,780,000","319,672,400,000","167,298,730,000","20,684,770,000","630,367,760,000","75,856,930,000","706,224,700,000",0,"14,791,910,000","14,791,910,000","114,630,260,000","41,279,050,000","195,629,500,000","27,908,410,000","255,069,380,000","634,516,610,000","84,670,930,000","209,797,720,000","928,985,250,000",,
2018,1,"58,181,170,000","92,484,760,000","377,219,090,000","203,206,590,000","24,123,830,000","755,215,440,000","85,403,570,000","840,619,010,000",0,"16,305,040,000","16,305,040,000","125,890,990,000","50,339,410,000","228,234,420,000","31,735,910,000","323,470,580,000","759,671,310,000","107,516,240,000","209,851,170,000","1,077,038,720,000",,
2018,2,"64,929,020,000","104,706,340,000","409,145,240,000","230,545,420,000","26,693,420,000","836,019,440,000","97,470,070,000","933,489,510,000",0,"19,119,120,000","19,119,120,000","140,772,990,000","51,063,260,000","260,839,330,000","37,515,910,000","366,306,500,000","856,497,990,000","126,943,930,000","277,073,940,000","1,260,515,870,000",,
2018,3,"72,871,800,000","117,481,100,000","460,769,050,000","258,547,990,000","29,679,080,000","939,349,020,000","108,426,720,000","1,047,775,730,000",0,"23,306,910,000","23,306,910,000","164,585,410,000","55,594,790,000","293,444,250,000","47,038,940,000","412,395,950,000","973,059,340,000","174,517,770,000","341,079,360,000","1,488,656,480,000",,
2018,4,"80,419,600,000","132,194,820,000","521,794,730,000","289,816,500,000","32,573,420,000","1,056,799,050,000","118,363,160,000","1,175,162,220,000",0,"23,695,880,000","23,695,880,000","189,922,800,000","62,785,040,000","326,049,170,000","52,750,940,000","456,177,420,000","1,087,685,370,000","193,060,770,000","366,067,300,000","1,646,813,430,000",,
2018,5,"89,169,000,000","146,330,000,000","576,431,000,000","322,619,000,000","35,722,000,000","1,170,271,000,000","137,446,000,000","1,307,717,000,000",0,"25,660,330,000","25,660,330,000","214,077,000,000","66,456,000,000","358,654,000,000","54,667,000,000","509,229,000,000","1,203,083,000,000","239,787,590,000","392,982,330,000","1,835,852,920,000",,
2018,6,"99,214,640,000","162,483,840,000","640,593,350,000","356,855,920,000","52,544,530,000","1,311,692,290,000","175,534,780,000","1,487,227,070,000",0,"27,600,140,000","27,600,140,000","239,469,900,000","84,420,240,000","383,950,920,000","65,098,550,000","546,646,230,000","1,319,585,840,000","306,200,000,000","485,673,050,000","2,111,458,890,000",,
2018,7,"8,299,470,000","15,926,330,000","41,767,330,000","29,938,050,000","2,851,730,000","98,782,920,000","11,372,600,000","110,155,520,000",0,0,0,"17,311,960,000","10,462,310,000","37,013,080,000","3,300,000,000","21,385,150,000","89,472,500,000",0,"2,203,700,000","91,676,200,000",,
2018,8,"18,175,290,000","29,284,380,000","89,560,420,000","61,801,530,000","6,313,060,000","205,134,670,000","21,971,660,000","227,106,330,000",0,"1,496,270,000","1,496,270,000","34,002,410,000","19,076,900,000","74,026,160,000","7,693,400,000","78,029,490,000","212,828,360,000","4,031,940,000","36,083,000,000","252,943,300,000",,
2018,9,"25,760,000,000","42,794,940,000","159,111,930,000","92,640,150,000","9,030,360,000","329,337,390,000","36,657,460,000","365,994,850,000",0,"3,578,050,000","3,578,050,000","61,118,920,000","22,979,460,000","94,978,240,000","13,122,270,000","153,174,350,000","345,373,240,000","23,532,370,000","83,554,650,000","452,460,260,000",,
2018,10,"36,065,650,000","57,723,990,000","207,365,430,000","126,600,980,000","12,180,140,000","439,936,200,000","49,866,560,000","489,802,760,000",0,"6,428,350,000","6,428,350,000","82,890,100,000","32,384,410,000","148,052,320,000","18,277,130,000","163,261,190,000","444,865,140,000","44,704,470,000","130,301,040,000","619,870,640,000",,
2018,11,"44,789,970,000","75,580,150,000","255,084,630,000","165,202,670,000","15,108,290,000","555,765,710,000","63,241,220,000","619,006,930,000",0,"8,187,200,000","8,187,200,000","105,505,460,000","32,384,410,000","185,065,400,000","22,931,430,000","196,780,380,000","542,667,070,000","74,491,270,000","234,868,880,000","852,027,230,000",,
2018,12,"51,700,530,000","91,722,600,000","325,542,980,000","193,850,870,000","17,938,830,000","680,755,820,000","113,896,880,000","794,652,700,000",0,"8,828,680,000","8,828,680,000","131,525,060,000","46,099,340,000","201,615,880,000","38,171,510,000","226,492,900,000","643,904,690,000","119,674,390,000","311,881,760,000","1,075,460,830,000",,
2019,1,"61,152,300,000","110,267,210,000","380,397,700,000","232,443,620,000","21,111,560,000","805,372,390,000","119,434,610,000","924,806,990,000",0,"9,441,750,000","9,441,750,000","146,765,110,000","52,475,360,000","247,958,590,000","37,392,600,000","328,206,560,000","812,798,220,000","150,258,120,000","328,606,660,000","1,291,662,990,000",,
2019,2,"69,878,850,000","125,589,560,000","413,265,040,000","266,930,240,000","24,235,650,000","899,899,330,000","132,923,130,000","1,032,822,470,000",0,"12,302,830,000","12,302,830,000","165,625,120,000","61,122,260,000","283,381,240,000","43,884,830,000","370,300,990,000","924,314,450,000","177,310,950,000","364,473,940,000","1,466,099,340,000",,
2019,3,"78,822,390,000","142,176,470,000","470,096,900,000","300,146,280,000","27,270,740,000","1,018,512,770,000","138,675,470,000","1,157,188,240,000",0,"16,833,930,000","16,833,930,000","193,339,390,000","80,049,950,000","318,062,940,000","50,727,020,000","411,663,620,000","1,053,842,930,000","205,630,100,000","384,915,870,000","1,644,388,900,000",,
2019,4,"86,713,270,000","158,215,310,000","545,054,290,000","334,976,240,000","30,356,900,000","1,155,316,000,000","178,542,830,000","1,333,858,840,000",0,"18,935,680,000","18,935,680,000","220,088,710,000","86,272,480,000","354,226,550,000","55,603,020,000","486,995,680,000","1,203,186,440,000","234,285,210,000","419,126,890,000","1,856,598,540,000",,
2019,5,"97,254,240,000","178,437,090,000","605,288,270,000","374,348,210,000","33,927,620,000","1,289,255,430,000","204,446,660,000","1,493,702,090,000",0,"20,385,300,000","20,385,300,000","245,956,000,000","90,450,500,000","389,649,210,000","60,238,770,000","542,752,000,000","1,329,046,480,000","263,350,600,000","477,427,070,000","2,069,824,160,000",,
2019,6,"107,701,825,400","196,588,319,100","685,389,323,300","413,186,113,600","37,347,147,520","1,440,212,729,000","204,460,588,100","1,644,673,317,000",0,"30,348,215,670","30,348,215,670","264,832,380,300","103,717,570,000","427,952,701,200","84,605,294,110","618,893,639,000","1,500,001,585,000","360,331,817,800","529,195,339,000","2,389,528,741,000",,
2019,7,"7,548,542,440","16,332,537,130","45,844,813,460","34,260,924,250","3,117,877,615","107,104,694,900","10,029,780,630","117,134,475,500",0,0,0,"28,746,197,750","15,116,624,220","38,340,025,930","3,146,927,675","22,892,734,330","108,242,509,900",0,"4,732,147,533","112,974,657,400",,
2019,8,"16,184,870,550","31,622,551,880","95,220,905,720","68,882,270,430","6,987,445,073","218,898,043,700","18,454,591,260","237,352,634,900",0,"2,920,167,922","2,920,167,922","50,369,803,960","25,533,563,270","76,680,051,860","6,534,927,675","78,731,264,020","237,849,610,800",0,"17,036,418,130","254,886,028,900",,
2019,9,"25,729,006,530","49,724,623,060","180,720,607,400","105,779,251,600","9,498,320,091","371,451,808,700","49,707,053,470","421,158,862,200",0,"2,802,211,289","2,802,211,289","76,250,007,870","34,162,856,050","109,719,474,400","26,258,576,720","144,792,350,000","391,183,265,100","57,542,091,150","95,900,482,250","544,625,838,500",,
2019,10,"34,223,825,870","67,636,306,040","241,041,923,700","140,451,341,800","13,889,917,830","497,243,315,200","61,975,927,250","559,219,242,400",0,"8,471,882,660","8,471,882,660","97,810,973,360","40,481,858,140","153,360,103,700","29,058,565,710","182,551,877,300","503,263,378,200","69,431,116,400","129,883,998,900","702,578,493,500",,
2019,11,"42,860,323,380","85,839,674,320","285,276,897,500","178,096,852,300","18,481,381,520","610,555,129,000","122,659,041,500","733,214,170,600",0,"9,619,962,077","9,619,962,077","126,431,712,500","52,404,391,280","191,700,129,700","33,128,054,930","232,030,930,800","635,695,219,200","87,705,710,950","183,616,823,100","907,017,753,300",,
2019,12,"51,551,241,790","103,376,525,700","367,428,798,500","211,544,035,100","22,748,208,550","756,648,809,700","173,725,318,400","930,374,128,100",0,"10,147,401,780","10,147,401,780","147,163,923,900","61,511,537,860","225,709,118,600","50,197,379,740","343,164,875,200","827,746,835,300","122,208,690,500","268,145,191,700","1,218,100,718,000",,
2020,1,"61,780,120,320","123,635,898,500","416,731,413,600","245,673,504,200","26,717,985,440","874,538,922,000","186,959,483,900","1,061,498,406,000",0,"13,535,794,220","13,535,794,220","171,465,884,600","76,608,227,430","268,380,181,500","53,478,735,260","371,298,415,600","941,231,444,400","160,472,327,100","335,160,316,800","1,436,864,088,000",,
2020,2,"69,754,350,190","140,036,111,600","456,389,835,900","275,438,732,300","30,446,914,320","972,065,944,300","203,769,694,200","1,175,835,639,000",0,"14,050,315,070","14,050,315,070","195,971,554,400","86,770,914,820","306,720,207,500","59,773,635,700","415,694,592,300","1,064,930,905,000","188,941,358,900","360,573,372,800","1,614,445,636,000",,
2020,3,"76,931,096,630","159,490,832,300","519,713,802,000","305,657,446,200","34,452,100,290","1,096,245,277,000","235,945,562,500","1,332,190,840,000",0,"13,576,695,680","13,576,695,680","223,268,616,000","94,548,349,350","331,864,331,100","74,145,722,180","457,670,278,400","1,181,497,297,000","214,784,818,300","471,960,048,700","1,868,242,164,000",,
2020,4,"83,099,566,970","171,019,367,500","591,244,398,200","332,238,943,100","36,953,790,060","1,214,556,066,000","253,832,266,000","1,468,388,332,000",0,"13,400,435,040","13,400,435,040","255,057,000,000","100,598,719,900","380,117,019,400","74,502,082,530","487,019,894,600","1,297,294,716,000","246,871,314,900","426,550,347,700","1,970,716,379,000",,
2020,5,"89,247,522,090","182,082,298,000","638,961,594,900","354,433,231,900","39,534,860,370","1,304,259,507,000","279,172,832,500","1,583,432,340,000",0,"18,155,617,660","18,155,617,660","285,611,094,700","112,453,316,500","421,740,285,200","76,250,580,620","549,377,552,200","1,445,432,829,000","263,090,408,000","470,374,764,900","2,178,898,002,000",,
2020,6,"98,022,236,440","195,269,825,200","706,936,332,100","383,713,188,500","43,565,986,290","1,427,507,569,000","306,123,542,700","1,733,631,111,000",0,"19,819,741,280","19,819,741,280","315,361,942,700","121,840,089,500","449,926,946,700","89,605,478,730","668,487,321,000","1,645,221,779,000","325,278,057,500","594,943,665,800","2,565,443,502,000",,
2020,7,"6,683,232,462","15,053,823,990","42,988,552,760","26,185,464,570","3,515,218,973","94,426,292,750","10,828,110,660","105,254,403,400",0,0,0,"27,700,764,360","15,028,668,510","26,361,119,500","3,967,472,619","15,657,360,830","88,715,385,810","908,004,124","4,583,721,283","94,207,111,220",,
2020,8,"14,350,760,390","30,997,936,390","80,632,662,800","53,574,917,520","7,690,071,624","187,246,348,700","24,612,942,170","211,859,290,900",0,"1,375,575,148","1,375,575,148","56,781,031,130","30,339,041,730","75,222,239,000","13,578,930,850","75,706,243,330","251,627,486,000","28,021,594,760","54,222,449,870","333,871,530,700",,
2020,9,"23,167,286,650","47,353,828,760","151,247,837,000","83,062,408,950","11,942,798,620","316,774,160,000","61,903,488,390","378,677,648,400",0,"3,915,299,221","3,915,299,221","81,168,505,180","34,133,517,850","118,569,535,300","26,189,095,720","99,429,975,330","359,490,629,400","28,838,872,980","122,057,275,500","510,386,777,900",,
2020,10,"32,069,859,560","64,454,461,910","198,206,830,400","114,144,821,600","16,415,947,120","425,291,920,600","80,019,213,230","505,311,133,800",0,"4,404,746,682","4,404,746,682","115,684,664,600","38,127,692,550","165,444,478,000","30,374,890,470","152,909,796,400","502,541,522,100","81,896,041,630","137,306,863,300","721,744,427,000",,
2020,11,"40,658,457,660","83,485,400,290","234,072,852,300","144,756,777,300","20,541,680,600","523,515,168,100","100,668,338,400","624,183,506,500",0,"5,799,927,850","5,799,927,850","154,618,902,300","51,705,883,550","206,805,597,500","32,159,616,040","192,503,242,300","637,793,241,700","108,035,713,100","185,611,922,000","931,440,876,800",,
2020,12,"51,799,203,890","102,779,391,700","309,238,563,800","179,072,518,100","25,803,321,140","668,692,998,600","141,859,028,000","810,552,026,600",0,"8,500,407,278","8,500,407,278","186,745,858,600","61,063,530,130","238,207,117,400","53,821,297,620","283,538,027,000","823,375,830,800","128,690,834,800","262,777,561,700","1,214,844,227,000",,
2021,1,"59,921,312,840","123,051,766,100","350,582,725,600","215,787,102,300","29,926,904,080","779,269,810,800","157,774,191,700","937,044,002,500",0,"11,101,850,140","11,101,850,140","218,187,737,100","62,842,317,180","289,527,836,500","49,686,814,930","315,658,613,600","935,903,319,400","164,402,445,000","246,798,400,600","1,347,104,165,000",,
2021,2,"69,449,329,090","144,351,741,500","398,371,100,500","253,257,219,400","34,918,998,390","900,348,388,900","179,213,577,700","1,079,561,967,000",0,"13,964,585,590","13,964,585,590","255,863,194,600","70,258,316,220","330,888,956,000","55,414,766,510","352,309,159,900","1,064,734,393,000","186,868,355,000","275,516,432,100","1,527,119,180,000",,
2021,3,"80,135,261,730","162,057,067,700","455,286,672,600","292,229,141,200","40,778,585,950","1,030,486,729,000","214,799,763,500","1,245,286,493,000",0,"18,350,896,340","18,350,896,340","286,105,507,900","80,182,535,660","352,074,825,300","82,672,027,410","439,828,854,200","1,240,863,750,000","209,870,646,100","369,948,025,600","1,820,682,422,000",,
2021,4,"89,066,205,850","180,647,120,300","542,106,352,600","330,642,767,700","45,710,749,790","1,188,173,196,000","235,645,917,800","1,423,819,114,000",0,"26,161,836,940","26,161,836,940","318,487,946,000","82,974,491,410","406,696,001,500","76,360,384,190","502,621,415,100","1,387,140,238,000","249,046,123,400","399,474,941,700","2,035,661,303,000",,
2021,5,"97,724,625,760","197,061,764,800","597,548,681,100","368,273,991,400","49,867,979,390","1,310,477,042,000","247,710,959,000","1,558,188,001,000",0,"28,733,722,390","28,733,722,390","360,115,343,200","97,363,631,410","448,773,681,500","78,672,789,020","546,862,383,400","1,531,787,829,000","273,527,457,300","436,793,441,800","2,242,108,728,000",,
2021,6,"108,375,165,200","216,324,916,800","694,052,522,800","410,758,396,900","55,248,684,230","1,484,759,686,000","253,624,936,600","1,738,384,623,000",0,"36,888,055,190","36,888,055,190","388,829,563,600","106,312,318,400","493,913,581,100","112,975,409,800","664,925,973,300","1,766,956,846,000","390,809,458,900","548,531,246,900","2,706,297,552,000",,
2021,7,"7,647,328,290","16,566,556,820","55,001,246,730","38,101,067,190","4,371,647,132","121,687,846,200","13,323,511,830","135,011,358,000",0,0,0,"38,980,534,850","11,777,996,040","40,956,149,780","4,564,071,131","41,175,750,580","137,454,502,400","967,406,058","6,252,014,114","144,673,922,600",,
2021,8,"16,837,170,270","37,027,676,010","104,859,213,900","78,375,257,040","9,775,766,898","246,875,084,200","30,038,433,650","276,913,517,800",0,"135,002,963","135,002,963","74,051,201,930","26,862,782,760","87,685,370,660","12,902,107,160","93,776,591,860","295,278,054,400","31,462,420,540","52,459,215,850","379,199,690,800",,
2021,9,"27,067,516,720","58,428,188,760","195,471,578,500","120,378,386,900","15,020,010,480","416,365,681,400","89,936,025,440","506,301,706,800",0,"6,655,421,636","6,655,421,636","101,141,510,500","30,018,593,180","126,543,563,700","27,663,483,650","168,292,867,800","453,660,018,700","61,050,000,000","116,952,003,700","631,662,022,400",,
2021,10,"35,889,858,720","78,774,400,970","253,235,054,800","159,671,148,100","20,186,162,400","547,756,625,000","107,899,890,500","655,656,515,400",0,"6,984,289,136","6,984,289,136","141,843,959,500","33,760,371,110","175,370,741,300","31,984,555,030","230,670,506,000","613,630,132,900","92,500,000,000","150,064,776,000","856,194,909,000",,
2021,11,"46,237,532,850","100,895,932,200","310,524,547,700","203,917,936,900","25,705,740,480","687,281,690,000","120,927,080,900","808,208,770,900",0,"7,378,860,238","7,378,860,238","189,410,369,800","47,825,061,130","219,213,426,700","38,148,611,750","283,129,365,100","777,726,834,400","108,457,802,000","192,970,626,800","1,079,155,263,000",,
2021,12,"56,781,133,970","123,675,662,300","406,316,578,800","249,386,698,700","31,712,076,810","867,872,150,500","164,291,163,500","1,032,163,314,000",0,"11,984,766,600","11,984,766,600","217,281,873,500","57,296,144,260","246,980,663,400","60,724,971,120","402,923,743,300","985,207,395,600","144,983,318,500","234,688,572,800","1,364,879,287,000",,
2022,1,"66,456,633,510","145,985,297,900","464,926,007,100","296,291,945,700","36,836,392,080","1,010,496,276,000","183,004,971,000","1,193,501,247,000",0,"12,624,272,510","12,624,272,510","253,317,528,100","73,052,599,460","306,898,797,300","61,494,067,350","421,186,624,700","1,115,949,617,000","171,835,282,800","256,755,109,400","1,544,540,009,000",,
2022,2,"74,989,928,700","165,290,042,100","505,436,608,100","337,469,671,200","41,908,408,260","1,125,094,658,000","196,717,371,800","1,321,812,030,000",0,"14,019,758,870","14,019,758,870","295,920,500,600","89,305,953,520","350,741,482,600","65,206,097,880","473,715,839,600","1,274,889,874,000","193,653,439,400","300,874,290,100","1,769,417,604,000",,
2022,3,"84,954,059,030","185,817,879,200","580,628,283,900","382,306,771,400","47,916,152,170","1,281,623,146,000","239,310,536,100","1,520,933,682,000",0,"20,027,504,120","20,027,504,120","332,229,547,800","92,541,754,270","386,233,940,800","94,012,758,190","585,027,766,600","1,490,045,768,000","216,319,671,400","362,747,063,100","2,069,112,502,000",,
2022,4,"93,711,290,500","206,353,288,800","679,153,774,200","422,196,454,200","52,948,370,130","1,454,363,178,000","264,504,122,300","1,718,867,300,000",0,"20,892,668,360","20,892,668,360","371,286,718,800","96,150,615,240","438,515,927,500","93,856,540,620","646,362,032,100","1,646,171,834,000","261,000,935,900","410,488,268,600","2,317,661,039,000",,
2022,5,"104,731,104,900","229,594,491,000","770,250,434,600","471,724,735,200","59,594,210,150","1,635,894,976,000","279,728,608,200","1,915,623,584,000",0,"22,039,281,430","22,039,281,430","427,249,884,500","111,184,948,800","482,403,149,900","103,617,866,900","708,798,317,700","1,833,254,168,000","286,496,024,100","440,489,745,200","2,560,239,937,000",,
2022,6,"118,280,174,100","252,094,378,600","876,707,216,000","523,097,637,400","67,041,761,180","1,837,221,167,000","362,586,601,700","2,199,807,769,000",0,"31,031,153,410","31,031,153,410","456,848,608,200","120,811,740,000","520,032,773,400","122,431,581,800","914,861,747,200","2,134,986,451,000","352,414,314,600","535,782,382,100","3,023,183,147,000",,
2022,7,"9,365,334,944","17,950,897,750","57,935,837,930","39,835,296,270","5,387,646,758","130,475,013,600","15,789,072,690","146,264,086,300",0,0,0,"33,487,230,500","16,206,415,040","41,130,111,250","5,563,806,813","33,802,351,060","130,189,914,700","22,992,452,580","5,583,340,243","158,765,707,500",,
2022,8,"21,219,610,420","42,393,458,330","115,454,474,600","88,487,576,910","12,397,859,880","279,952,980,100","32,304,402,250","312,257,382,400",0,"376,844,725","376,844,725","82,396,527,170","31,756,919,260","89,525,875,020","5,563,806,813","76,936,250,610","286,179,378,900","30,243,225,100","40,448,942,410","356,871,546,400",,
2022,9,"33,561,026,780","62,977,280,020","218,604,467,100","131,768,474,200","17,813,304,560","464,724,552,600","104,875,897,300","569,600,449,900",0,"622,890,381","622,890,381","114,813,490,200","36,024,674,810","130,184,271,700","27,589,224,450","264,680,650,200","573,292,311,400","70,337,798,260","115,885,510,200","759,515,619,900",,
2022,10,"43,683,335,610","85,052,801,810","279,437,032,800","175,620,297,900","23,525,901,440","607,319,369,500","123,945,546,400","731,264,916,000",0,"2,138,210,248","2,138,210,248","159,146,150,900","39,743,604,060","179,051,750,000","21,559,444,640","252,735,311,900","652,236,261,600","85,368,594,160","128,367,046,500","865,971,902,300",,
2022,11,"54,923,461,580","108,867,576,100","342,488,020,600","222,092,279,600","29,466,084,130","757,837,422,000","135,954,573,000","893,791,994,900",0,"3,318,932,870","3,318,932,870","218,414,294,100","55,549,058,790","223,814,687,600","32,838,204,070","292,504,245,500","823,120,490,000","122,100,000,000","148,962,680,500","1,094,183,171,000",,
2022,12,"67,095,733,490","130,339,801,800","451,757,264,200","264,181,476,500","38,403,280,230","951,777,556,200","195,256,336,700","1,147,033,893,000",0,"4,292,312,698","4,292,312,698","251,561,439,000","67,022,493,850","264,226,794,200","60,752,630,120","477,868,082,200","1,121,431,439,000","141,088,006,100","206,295,935,500","1,468,815,381,000",,
2023,1,"79,246,742,870","154,122,964,400","514,715,203,500","311,658,623,000","44,132,407,150","1,103,875,941,000","206,926,193,600","1,310,802,134,000","2,133,110,570","5,630,873,280","7,763,983,850","287,935,649,900","91,335,360,930","313,340,562,600","50,500,376,560","472,050,013,900","1,215,161,964,000","161,242,368,700","234,827,170,300","1,611,231,503,000",,
2023,2,"88,166,639,170","175,630,258,500","566,788,631,000","355,502,102,300","49,043,464,660","1,235,131,096,000","228,145,207,000","1,463,276,303,000","6,982,310,570","6,322,259,302","13,304,569,870","338,355,996,900","108,645,759,800","358,103,500,100","55,615,111,320","508,799,246,300","1,369,519,614,000","183,150,000,000","261,694,659,100","1,814,364,273,000",,
2023,3,"97,119,425,690","198,646,171,300","636,937,902,700","404,072,041,500","55,394,852,900","1,392,170,394,000","293,872,786,900","1,686,043,181,000","6,982,310,570","11,208,822,770","18,191,133,340","373,596,765,700","115,718,194,500","416,861,358,700","92,341,199,380","676,913,908,700","1,675,431,427,000","212,750,000,000","321,059,093,400","2,209,240,520,000",,
2023,4,"106,002,335,200","219,675,606,800","737,558,893,400","447,955,638,400","60,699,035,580","1,571,891,509,000","322,711,854,300","1,894,603,364,000","6,982,310,570","11,979,745,210","18,962,055,780","422,347,806,100","120,124,446,300","449,626,935,900","62,578,160,370","657,448,163,000","1,712,125,512,000","275,650,000,000","314,303,158,400","2,302,078,670,000",,
2023,5,"117,586,022,900","241,277,423,400","816,453,422,000","496,627,132,700","67,003,943,200","1,738,947,944,000","341,318,139,200","2,080,266,083,000","6,982,310,570","15,186,489,470","22,168,800,040","488,242,011,400","138,391,233,400","494,589,629,500","68,431,419,160","715,077,861,500","1,904,732,155,000","305,250,000,000","324,719,902,200","2,534,702,057,000",,
2023,6,"130,122,579,600","264,508,629,300","941,575,751,500","550,439,764,200","73,782,513,410","1,960,429,238,000","400,080,494,900","2,360,509,733,000","6,982,310,570","16,101,163,180","23,083,473,750","530,284,407,900","154,223,355,000","547,156,538,900","110,110,909,000","966,974,535,200","2,308,749,746,000","415,773,863,000","493,663,328,400","3,218,186,937,000",,
2023,7,"8,312,247,941","21,560,606,540","72,150,016,020","48,111,153,590","4,861,421,549","154,995,445,600","14,538,906,040","169,534,351,700",0,0,0,"36,902,926,010","29,589,114,050","45,471,795,670","23,793,743,420","22,783,320,870","158,540,900,000","32,761,092,370","8,309,081,247","199,611,073,600",,
2023,8,"20,343,391,800","47,324,434,670","136,068,019,800","102,757,360,500","10,976,765,310","317,469,972,100","33,833,868,280","351,303,840,400",0,"1,538,764,845","1,538,764,845","87,113,920,070","52,451,935,320","97,418,378,940","21,421,686,930","74,620,014,100","333,025,935,400","39,268,028,420","32,540,371,210","404,834,335,000",,
2023,9,"32,433,599,660","68,569,707,610","243,953,759,300","153,026,593,100","16,103,013,680","514,086,673,300","71,963,405,020","586,050,078,300",0,"3,415,422,674","3,415,422,674","124,913,295,800","63,093,383,280","142,295,416,800","42,377,498,370","245,838,617,500","618,518,211,700","61,111,623,130","124,566,613,500","804,196,448,400",,
2023,10,"44,586,469,690","92,638,776,240","316,241,471,700","209,166,642,200","21,771,023,740","684,404,383,500","142,261,814,700","826,666,198,200",0,"4,350,205,240","4,350,205,240","177,023,107,600","70,975,726,590","194,836,757,900","39,391,252,930","232,530,903,600","714,757,748,600","78,586,562,630","96,023,944,200","889,368,255,400",,
2023,11,"56,151,624,960","116,093,941,600","380,444,464,300","266,111,335,200","28,115,697,460","846,917,063,500","164,607,976,200","1,011,525,040,000",0,"4,879,552,039","4,879,552,039","246,990,374,600","90,549,477,840","245,630,886,200","51,926,649,280","285,716,754,100","920,814,142,000","107,548,372,000","132,409,761,300","1,160,772,275,000",,
2023,12,"68,229,031,940","139,796,876,300","491,283,687,000","317,941,622,600","33,107,623,200","1,050,358,841,000","219,828,320,700","1,270,187,162,000",0,"5,455,108,098","5,455,108,098","300,117,658,200","105,024,755,800","268,232,494,900","74,214,005,730","548,859,850,400","1,296,448,765,000","142,467,714,100","265,916,022,800","1,704,832,502,000",,
2024,1,"80,108,282,230","163,376,888,400","559,872,348,500","374,950,306,200","37,557,951,440","1,215,865,777,000","285,040,817,800","1,500,906,594,000",0,"5,570,998,109","5,570,998,109","339,187,689,700","142,134,211,100","343,883,240,700","60,639,285,460","519,941,619,800","1,405,786,047,000","174,330,124,700","235,068,231,300","1,815,184,403,000",,
2024,2,"89,611,698,530","185,189,424,400","625,976,974,100","430,688,105,500","41,964,982,570","1,373,431,185,000","304,661,542,000","1,678,092,727,000","39,844,050","11,396,560,150","11,436,404,200","401,680,965,500","165,496,477,900","393,009,418,000","72,864,576,580","597,624,329,600","1,630,675,768,000","206,281,991,600","312,074,415,800","2,149,032,175,000",,
2024,3,"98,435,570,550","204,169,745,400","704,070,836,100","481,094,788,300","46,601,005,210","1,534,371,946,000","321,280,384,500","1,855,652,330,000",0,"13,905,223,820","13,905,223,820","439,420,201,900","177,676,024,800","442,135,595,200","83,968,388,300","534,714,988,600","1,796,250,596,000","239,072,931,400","360,073,925,500","2,395,397,453,000",,
2024,4,"111,987,143,500","224,905,268,600","820,683,540,100","535,280,467,400","52,154,171,380","1,745,010,591,000","371,987,758,700","2,116,998,350,000","39,844,050","14,601,688,550","14,641,532,600","489,562,490,100","191,990,373,000","491,261,772,500","102,298,287,300","757,552,240,200","2,032,665,163,000","272,607,367,400","404,477,965,900","2,709,750,496,000",,
2024,5,"122,031,014,200","249,348,879,000","911,336,688,100","588,467,276,900","56,850,054,840","1,928,033,913,000","462,507,300,800","2,390,541,214,000","86,199,355","16,049,026,470","16,135,225,830","571,534,397,700","209,158,606,000","540,387,949,700","97,304,995,580","847,195,786,000","2,265,581,735,000","303,709,565,000","440,722,536,900","3,010,013,837,000",,
2024,6,"133,929,131,400","276,721,934,400","1,042,756,142,000","645,488,794,600","61,388,877,060","2,160,284,879,000","542,376,782,200","2,702,661,661,000","86,199,355","21,951,011,430","22,037,210,790","622,543,654,200","218,187,866,300","575,269,262,500","143,940,395,400","1,118,495,327,000","2,678,436,506,000","380,388,136,000","546,385,001,300","3,605,209,643,000",,
2024,7,"11,058,672,580","19,811,135,200","75,899,975,640","48,813,790,060","3,874,810,434","159,458,383,900","33,047,434,230","192,505,818,100",0,0,0,"52,694,283,420","25,879,896,780","20,425,829,690",0,"42,210,244,600","141,210,254,500","30,833,969,280","10,656,711,670","182,700,935,400",,
2024,8,"23,962,401,290","43,792,905,200","135,150,142,300","101,155,759,900","8,583,221,928","312,644,430,600","60,814,924,120","373,459,354,700",0,"196,261,239","196,261,239","135,037,974,600","56,002,915,420","75,652,850,890","6,685,243,628","110,809,743,300","384,188,727,900","30,833,969,280","44,274,374,510","459,297,071,700",,
2024,9,"34,619,342,490","68,132,991,710","258,642,620,400","151,332,347,000","12,605,587,180","525,332,888,700","131,059,742,500","656,392,631,200",0,"1,352,686,865","1,352,686,865","176,833,835,400","72,269,347,000","150,146,745,000","32,762,180,310","200,169,093,600","632,181,201,400","63,595,061,650","115,440,768,000","811,217,031,000",,
2024,10,"45,223,227,220","93,434,656,490","337,870,596,900","202,900,256,200","16,996,304,490","696,425,041,200","195,360,638,800","891,785,680,100",0,"1,576,073,156","1,576,073,156","227,225,315,600","81,447,699,340","200,195,660,000","46,424,720,520","292,661,523,100","847,954,918,500","94,429,030,940","142,114,670,100","1,084,498,620,000",,
2024,11,"57,501,608,970","115,874,046,600","413,803,798,600","248,238,184,400","21,213,505,070","856,631,143,600","231,705,605,800","1,088,336,749,000",0,"3,837,637,302","3,837,637,302","315,249,375,700","98,395,817,790","250,244,575,000","68,045,791,700","362,001,257,100","1,093,936,817,000","158,024,092,600","191,154,597,200","1,443,115,507,000",,
2024,12,"71,534,694,850","141,349,274,900","530,834,008,500","304,080,170,900","25,844,768,250","1,073,642,917,000","258,131,600,200","1,331,774,518,000",0,"7,512,611,289","7,512,611,289","421,860,071,400","101,691,160,800","300,293,490,100","84,562,446,960","463,734,903,800","1,372,142,073,000","191,615,344,300","232,041,482,100","1,795,798,899,000",,
2025,1,"83,201,928,370","167,079,314,000","605,240,730,700","365,346,603,500","30,549,106,390","1,251,417,683,000","313,457,753,200","1,564,875,436,000",0,"7,853,512,450","7,853,512,450","444,734,276,500","140,895,914,200","350,342,405,100","22,874,205,090","611,608,083,700","1,570,454,885,000","207,631,199,300","290,101,408,500","2,068,187,492,000",,
2025,2,"94,850,000,000","192,676,000,000","659,033,000,000","421,484,000,000","44,866,000,000","1,412,908,000,000","357,129,000,000","1,770,037,000,000",0,"9,635,000,000","9,635,000,000","565,829,000,000","156,485,000,000","400,391,000,000","110,649,000,000","618,684,000,000","1,852,038,000,000","240,912,000,000","322,003,000,000","2,414,953,000,000",,
2025,3,"107,748,000,000","214,997,000,000","746,193,000,000","471,006,000,000","49,324,000,000","1,589,268,000,000","409,100,000,000","1,998,368,000,000",0,"14,751,000,000","14,751,000,000","625,029,000,000","171,454,000,000","440,254,000,000","117,812,000,000","712,683,000,000","2,067,232,000,000","255,541,000,000","376,927,000,000","2,699,700,000,000",,
2025,4,"121,665,000,000","241,120,000,000","867,379,000,000","526,698,000,000","54,576,000,000","1,811,438,000,000","443,658,000,000","2,255,096,000,000",0,"9,858,000,000","9,858,000,000","690,098,000,000","181,437,000,000","500,489,000,000","140,284,000,000","824,808,000,000","2,337,117,000,000","299,379,000,000","388,135,000,000","3,024,631,000,000",,
